{"amplitude": 40.683837890625, "frequency": 7.750000077066943e-05, "phase_shift": 5.949999809265137}