{"amplitude": 7.478879451751709, "frequency": 0.000992499990388751, "phase_shift": 4.324999809265137}