{"amplitude": 77.57823181152344, "frequency": 0.0007149999728426337, "phase_shift": 4.150000095367432}