{"amplitude": 38.839115142822266, "frequency": 9.999999747378752e-06, "phase_shift": 3.0999999046325684}