{"amplitude": 1.9447197914123535, "frequency": 0.0006699999794363976, "phase_shift": 2.200000047683716}