{
    "amplitude": 3.9471817886763247,
    "frequency": 0.000973446475091388,
    "phase_shift": 5.355403745696728
}