{
    "amplitude": 66.47826822524232,
    "frequency": 0.0008745941858385951,
    "phase_shift": 3.036533765434565
}