{
    "amplitude": 137.58061739409933,
    "frequency": 0.0005807451337821121,
    "phase_shift": 4.9112418101882955
}