{
    "amplitude": 24.144981976866298,
    "frequency": 0.000696417147262821,
    "phase_shift": 4.7046313238898545
}