{
    "amplitude": 138.65578256455242,
    "frequency": 0.0006556214722769109,
    "phase_shift": 1.71661609236037
}