{
    "amplitude": 7.019339859880956,
    "frequency": 0.0001391706296898257,
    "phase_shift": 5.318861988063212
}