{"amplitude": 10117.599609375, "frequency": 9.736842002894264e-06, "phase_shift": 0.011111111380159855}