{"amplitude": 0.10000000149011612, "frequency": 0.08114055544137955, "phase_shift": 5.768420696258545}