{"amplitude": 0.10000000149011612, "frequency": 0.08111213892698288, "phase_shift": 5.823684215545654}