{"amplitude": 355.1000061035156, "frequency": 0.015080373734235764, "phase_shift": 0.7026315927505493}