{"amplitude": 0.10000000149011612, "frequency": 0.08111792802810669, "phase_shift": 5.663157939910889}