{"amplitude": 22933.099609375, "frequency": 7.631579137523659e-06, "phase_shift": 6.2831854820251465}