{"amplitude": 0.10000000149011612, "frequency": 0.08113845437765121, "phase_shift": 5.555263519287109}