{"amplitude": 710.0999755859375, "frequency": 0.0834006518125534, "phase_shift": 0.4000000059604645}