{"amplitude": 0.10000000149011612, "frequency": 0.08105845004320145, "phase_shift": 5.834210395812988}