{"amplitude": 5396.099609375, "frequency": 5.526315362658352e-06, "phase_shift": 0.03333333507180214}