{"amplitude": 355.1000061035156, "frequency": 0.0009749999735504389, "phase_shift": 2.736842155456543}