{"amplitude": 0.10000000149011612, "frequency": 0.08113950490951538, "phase_shift": 5.5973687171936035}