{"amplitude": 0.10000000149011612, "frequency": 0.08104845136404037, "phase_shift": 5.715789318084717}