{"amplitude": 0.10000000149011612, "frequency": 0.0811447724699974, "phase_shift": 5.715789318084717}