{"amplitude": 852.0999755859375, "frequency": 0.006091588642448187, "phase_shift": 5.115789413452148}