{"amplitude": 22187.599609375, "frequency": 8.157894626492634e-06, "phase_shift": 6.2831854820251465}