{"amplitude": 390.6000061035156, "frequency": 0.0009749999735504389, "phase_shift": 2.9078946113586426}