{"amplitude": 0.10000000149011612, "frequency": 0.08111108839511871, "phase_shift": 5.844736576080322}