{"amplitude": 710.0999755859375, "frequency": 0.16655631363391876, "phase_shift": 0.10000000149011612}