{"amplitude": 355.1000061035156, "frequency": 0.010355980135500431, "phase_shift": 5.168420791625977}