{"amplitude": 0.10000000149011612, "frequency": 0.0811421349644661, "phase_shift": 5.555263519287109}