{"amplitude": 17324.099609375, "frequency": 1.4999999621068127e-05, "phase_shift": 2.768421173095703}