{"amplitude": 1278.0999755859375, "frequency": 0.008713784627616405, "phase_shift": 3.231578826904297}