{"amplitude": 390.6000061035156, "frequency": 0.0009749999735504389, "phase_shift": 2.792105197906494}