{"amplitude": 0.10000000149011612, "frequency": 0.0811174064874649, "phase_shift": 5.534210681915283}