{"amplitude": 21.270526885986328, "frequency": 0.00034026315552182496, "phase_shift": 5.415789604187012}