{"amplitude": 10.293216705322266, "frequency": 0.0005063157877884805, "phase_shift": 3.9000000953674316}