{"amplitude": 10.685263633728027, "frequency": 4.026315582450479e-05, "phase_shift": 2.8763155937194824}