{"amplitude": 10.685263633728027, "frequency": 0.00032526315771974623, "phase_shift": 5.110526084899902}