{"amplitude": 10.293216705322266, "frequency": 0.0007913158042356372, "phase_shift": 1.850000023841858}