{"amplitude": 21.270526885986328, "frequency": 0.00023368421534541994, "phase_shift": 4.599999904632568}