{"amplitude": 51.85017776489258, "frequency": 0.0002642105391714722, "phase_shift": 3.8499999046325684}