{"amplitude": 10.293216705322266, "frequency": 0.0005642105243168771, "phase_shift": 4.589473724365234}