{"amplitude": 10.293216705322266, "frequency": 0.00029631578945554793, "phase_shift": 2.1500000953674316}