{"amplitude": 10.293216705322266, "frequency": 0.0005207894719205797, "phase_shift": 1.4901161415892261e-09}