{"amplitude": 35.384212493896484, "frequency": 0.0005042105331085622, "phase_shift": 4.949999809265137}