{"amplitude": 10.293216705322266, "frequency": 0.00014631578233093023, "phase_shift": 3.450000047683716}