{"amplitude": 66.74795532226562, "frequency": 2.526315802242607e-05, "phase_shift": 5.310526371002197}