{"amplitude": 21.270526885986328, "frequency": 8.68421011546161e-06, "phase_shift": 5.299999713897705}