{"amplitude": 10.685263633728027, "frequency": 0.00012815788795705885, "phase_shift": 4.150000095367432}