{"amplitude": 158.8789520263672, "frequency": 0.00025131579604931176, "phase_shift": 1.9499999284744263}