{"amplitude": 21.270526885986328, "frequency": 0.0005342105287127197, "phase_shift": 5.799999713897705}