{"amplitude": 10.685263633728027, "frequency": 0.0007581579266116023, "phase_shift": 1.5500000715255737}