{"amplitude": 21.270526885986328, "frequency": 5.57894745725207e-05, "phase_shift": 3.6605262756347656}