{"amplitude": 10.293216705322266, "frequency": 0.00027868422330357134, "phase_shift": 1.350000023841858}