{
    "amplitude": 114.02032599689441,
    "frequency": 0.00040837031996858377,
    "phase_shift": 6.023932598988609
}