{
    "amplitude": 83.53774115341383,
    "frequency": 0.00025816738246094693,
    "phase_shift": 5.037302476086396
}