{
    "amplitude": 80.01509188704425,
    "frequency": 6.189584696104904e-05,
    "phase_shift": 1.9937598480614216
}