{
    "amplitude": 26.001422959051197,
    "frequency": 0.0008706871140967026,
    "phase_shift": 0.24117112699491458
}