{
    "amplitude": 109.65841608091847,
    "frequency": 3.067059561889532e-05,
    "phase_shift": 2.905617663530717
}