{
    "amplitude": 137.93215258811486,
    "frequency": 3.7657843799576966e-05,
    "phase_shift": 4.421629150905899
}