{
    "amplitude": 42.861449761081595,
    "frequency": 0.0004282214486216609,
    "phase_shift": 4.956370421300801
}