{
    "amplitude": 55.511407130446486,
    "frequency": 4.0744176640425304e-05,
    "phase_shift": 1.3294476625509561
}