{
    "amplitude": 17.669221428854215,
    "frequency": 0.0005397404758132592,
    "phase_shift": 2.734837792176246
}