{
    "amplitude": 147.87431924633333,
    "frequency": 8.45282762293646e-05,
    "phase_shift": 0.2361580804705658
}