{
    "amplitude": 32.42547785041427,
    "frequency": 0.0005355080326718243,
    "phase_shift": 4.400911831460257
}