{
    "amplitude": 118.78649400242531,
    "frequency": 0.0005794846255960787,
    "phase_shift": 0.09824261677182794
}