{
    "amplitude": 42.693009366573776,
    "frequency": 0.0008842909132511982,
    "phase_shift": 2.9403646236352574
}