{
    "amplitude": 33.503318043163866,
    "frequency": 0.0002251559308562112,
    "phase_shift": 4.2674952235711014
}